<?xml version="1.0" encoding="UTF-8"?>
<project-private xmlns="http://www.netbeans.org/ns/project-private/1">
    <editor-bookmarks xmlns="http://www.netbeans.org/ns/editor-bookmarks/2" lastBookmarkId="0"/>
    <open-files xmlns="http://www.netbeans.org/ns/projectui-open-files/2">
        <group>
            <file>file:/Applications/MAMP/htdocs/ApFincaRaiz1.2/funcs/conexion.php</file>
            <file>file:/Applications/MAMP/htdocs/ApFincaRaiz1.2/index.php</file>
            <file>file:/Applications/MAMP/htdocs/ApFincaRaiz1.2/registro.php</file>
        </group>
    </open-files>
</project-private>
